{"cameraMode":{"drawMode":0,"name":"Shaded","section":"Shading Mode"},"sceneLighting":false,"audioPlay":false,"sceneViewState":{"showFog":true,"showMaterialUpdate":false,"showSkybox":false,"showFlares":true,"showImageEffects":true,"showParticleSystems":true},"in2DMode":false,"pivot":{"x":0.2646786570549011,"y":-0.37663716077804568,"z":-9.30327320098877},"rotation":{"x":-0.058793049305677417,"y":-0.9109271168708801,"z":0.13836435973644257,"w":-0.38439542055130007},"size":8.101531028747559,"orthographic":false}