{"cameraMode":{"drawMode":0,"name":"Shaded","section":"Shading Mode"},"sceneLighting":false,"audioPlay":false,"sceneViewState":{"showFog":true,"showMaterialUpdate":true,"showSkybox":false,"showFlares":true,"showImageEffects":true,"showParticleSystems":true},"in2DMode":false,"pivot":{"x":0.0019719600677490236,"y":3.4269371032714845,"z":0.749812126159668},"rotation":{"x":-0.09619467705488205,"y":-0.6679127812385559,"z":0.08764833211898804,"w":-0.7328511476516724},"size":74.05380249023438,"orthographic":false}