{"cameraMode":{"drawMode":0,"name":"Shaded","section":"Shading Mode"},"sceneLighting":true,"audioPlay":false,"sceneViewState":{"showFog":true,"showMaterialUpdate":false,"showSkybox":true,"showFlares":true,"showImageEffects":true,"showParticleSystems":true},"in2DMode":false,"pivot":{"x":-0.523980438709259,"y":4.292244911193848,"z":-16.269397735595704},"rotation":{"x":-0.11081202328205109,"y":-0.030043533071875573,"z":0.0010657721431925893,"w":-0.9935541749000549},"size":3.1318840980529787,"orthographic":false}