{"cameraMode":{"drawMode":0,"name":"Shaded","section":"Shading Mode"},"sceneLighting":true,"audioPlay":false,"sceneViewState":{"showFog":true,"showMaterialUpdate":false,"showSkybox":true,"showFlares":true,"showImageEffects":true,"showParticleSystems":true},"in2DMode":false,"pivot":{"x":-62.883689880371097,"y":-8.139892578125,"z":7.838443756103516},"rotation":{"x":0.12096817046403885,"y":-0.7855237722396851,"z":0.1625075489282608,"w":0.5847320556640625},"size":103.23886108398438,"orthographic":false}