{"cameraMode":{"drawMode":0,"name":"Shaded","section":"Shading Mode"},"sceneLighting":true,"audioPlay":false,"sceneViewState":{"showFog":true,"showMaterialUpdate":true,"showSkybox":true,"showFlares":true,"showImageEffects":true,"showParticleSystems":true},"in2DMode":false,"pivot":{"x":3.808877468109131,"y":5.960784912109375,"z":12.812041282653809},"rotation":{"x":0.18789279460906983,"y":0.6828998923301697,"z":-0.18865755200386048,"w":0.6803312301635742},"size":1.7814728021621705,"orthographic":false}