{"cameraMode":{"drawMode":0,"name":"Shaded","section":"Shading Mode"},"sceneLighting":true,"audioPlay":false,"sceneViewState":{"showFog":true,"showMaterialUpdate":true,"showSkybox":true,"showFlares":true,"showImageEffects":true,"showParticleSystems":true},"in2DMode":false,"pivot":{"x":7.86030912399292,"y":3.917325496673584,"z":-18.05222511291504},"rotation":{"x":-0.09619467705488205,"y":-0.6679127812385559,"z":0.08764833211898804,"w":-0.7328511476516724},"size":8.440810203552246,"orthographic":false}