{"cameraMode":{"drawMode":0,"name":"Shaded","section":"Shading Mode"},"sceneLighting":true,"audioPlay":false,"sceneViewState":{"showFog":true,"showMaterialUpdate":false,"showSkybox":true,"showFlares":true,"showImageEffects":true,"showParticleSystems":true},"in2DMode":false,"pivot":{"x":-0.21632152795791627,"y":4.905503749847412,"z":-13.310354232788086},"rotation":{"x":0.05284161493182182,"y":-0.3657843768596649,"z":0.021313028410077096,"w":0.9290673136711121},"size":0.1318843960762024,"orthographic":false}