{"cameraMode":{"drawMode":0,"name":"Shaded","section":"Shading Mode"},"sceneLighting":false,"audioPlay":false,"sceneViewState":{"showFog":true,"showMaterialUpdate":false,"showSkybox":false,"showFlares":true,"showImageEffects":true,"showParticleSystems":true},"in2DMode":false,"pivot":{"x":-3.287484645843506,"y":0.4931289553642273,"z":-3.9927873611450197},"rotation":{"x":0.288837730884552,"y":0.4299003481864929,"z":-0.14699086546897889,"w":0.8428743481636047},"size":4.942829608917236,"orthographic":false}