{"cameraMode":{"drawMode":0,"name":"Shaded","section":"Shading Mode"},"sceneLighting":false,"audioPlay":false,"sceneViewState":{"showFog":true,"showMaterialUpdate":false,"showSkybox":false,"showFlares":true,"showImageEffects":true,"showParticleSystems":true},"in2DMode":false,"pivot":{"x":-6.796578884124756,"y":1.4000189304351807,"z":-5.146581172943115},"rotation":{"x":0.054721735417842868,"y":-0.16197724640369416,"z":0.009135110303759575,"w":0.9853776097297669},"size":25.524856567382814,"orthographic":false}