{"cameraMode":{"drawMode":0,"name":"Shaded","section":"Shading Mode"},"sceneLighting":false,"audioPlay":false,"sceneViewState":{"showFog":true,"showMaterialUpdate":false,"showSkybox":false,"showFlares":true,"showImageEffects":true,"showParticleSystems":true},"in2DMode":false,"pivot":{"x":-6.803998947143555,"y":1.4000191688537598,"z":-5.160000324249268},"rotation":{"x":0.054721735417842868,"y":-0.16197724640369416,"z":0.009135110303759575,"w":0.9853776097297669},"size":25.643386840820314,"orthographic":false}