{"cameraMode":{"drawMode":0,"name":"Shaded","section":"Shading Mode"},"sceneLighting":true,"audioPlay":false,"sceneViewState":{"showFog":true,"showMaterialUpdate":false,"showSkybox":true,"showFlares":true,"showImageEffects":true,"showParticleSystems":true},"in2DMode":false,"pivot":{"x":-0.9686448574066162,"y":-5.514787673950195,"z":-17.45928382873535},"rotation":{"x":0.01168588362634182,"y":-0.9826935529708862,"z":0.17263206839561463,"w":0.06654208153486252},"size":29.82654571533203,"orthographic":false}