{"cameraMode":{"drawMode":0,"name":"Shaded","section":"Shading Mode"},"sceneLighting":true,"audioPlay":false,"sceneViewState":{"showFog":true,"showMaterialUpdate":false,"showSkybox":true,"showFlares":true,"showImageEffects":true,"showParticleSystems":true},"in2DMode":false,"pivot":{"x":428.37322998046877,"y":122.82069396972656,"z":19.129379272460939},"rotation":{"x":0.033655401319265369,"y":0.9661253094673157,"z":-0.19113007187843324,"w":0.17012347280979157},"size":489.1640930175781,"orthographic":false}